"year","basinAvgPMDI"
0,1.35393442873095
1,-0.638524590334931
2,-1.78860655573548
3,-2.04254098993833
4,-1.19639343577513
5,-1.55180327960702
6,1.18098360530605
7,-0.807950816193565
8,-0.9510655732917
9,-0.386639344399093
10,0.0523770444217275
11,0.168852458662186
12,-1.7830327871393
13,-2.16237705756651
14,-2.42319672029527
15,-4.31057376475608
16,-2.46729507808741
17,-2.2527049125218
18,-1.1167213086222
19,-0.449098363366039
20,-0.789180326306063
21,-0.0549180298341347
22,-1.55098360184519
23,0.546721310110488
24,-2.18090164838511
25,-1.48016393264053
26,-0.883196722135925
27,-1.32336066144167
28,-0.403442621139474
29,-1.41442623056593
30,-0.407131147601443
31,1.40680327741277
32,6.20254100346174
33,3.60131148383266
34,6.91057376001702
35,3.86352460697049
36,1.82426229461295
37,-1.41229508206493
38,-0.51844261574452
39,-0.399918028519901
40,-0.137049180867731
41,1.07360655411345
42,-0.876967217162496
43,-1.17106557380958
44,-1.77704917749421
45,-0.204508200867987
46,-0.582049181654317
47,-0.762622950323781
48,-2.55663933812595
49,-2.26081968135521
50,2.17631146458329
51,0.734180327077381
52,-0.842622946245504
53,-5.06786886785851
54,-1.63180327934564
55,-1.28713114290941
56,-2.96819672330481
57,-2.79844261708929
58,0.236065572005559
59,0.839262300338901
60,1.02852458848816
61,2.95909835471482
62,3.93778689767494
63,4.42278688852904
64,-0.582540985654856
65,-3.30286885968974
66,-0.105245899531196
67,4.00491804763919
68,3.58475409668
69,-2.86262294698934
70,-1.59245901878496
71,-0.913934426351649
72,-0.290655738750442
73,-0.562540981063589
74,0.328442623167009
75,-0.932622946279704
76,0.490327865892991
77,0.641393443264189
78,6.70270492209763
79,6.65098359643436
80,0.634672131939013
81,1.33319672087177
82,1.88786885240039
83,3.7003278641305
84,2.07155738331255
85,-0.0401639342613396
86,-0.581803277806669
87,0.951229508172293
88,2.04909835877966
89,2.45204917976602
90,2.71336065993079
91,0.646393444450175
92,0.580573771698553
93,-1.0875409795124
94,0.195245904878515
95,-0.23573770479406
96,2.62008196604056
97,3.21688524816857
98,2.93336067043367
99,3.70516393223747
100,-1.9762294998423
101,-0.56803278728831
102,-3.32786885929889
103,-1.72729507772649
104,-1.1210655794769
105,-2.84336065464332
106,-1.56377048375177
107,-1.97934426501638
108,-1.389180322651
109,-4.95532786846161
110,-1.25516393063132
111,-1.35967212988705
112,-1.83885245733574
113,0.274836065766753
114,-0.606393441878503
115,0.590819674910458
116,-2.24540983612237
117,-0.859836065531021
118,-0.443524588449079
119,0.854344258970413
120,-0.182459015811442
121,4.51344261599369
122,3.24581967904919
123,-2.03188524578438
124,-0.661885246374934
125,-0.347622949080389
126,-1.81385245919228
127,-0.940819672629481
128,0.444262293152145
129,-3.5409835919005
130,-0.622295085356006
131,-3.45786885111058
132,-1.54860656085562
133,-2.38975410676393
134,-2.40934427644386
135,-3.15934425592422
136,-0.0710655735714025
137,-2.45704918708958
138,0.13803278653287
139,-0.502540981916131
140,-1.64368852679847
141,-0.789999995411175
142,-1.75918032135814
143,-3.55508197135613
144,-3.22573772240735
145,-5.02336065471172
146,-3.1845901623124
147,-4.32663933273222
148,-2.50270492131593
149,-2.3863114655995
150,-4.39827870150081
151,-2.31565574055812
152,-1.79049180228202
153,0.575409833555583
154,-1.27032786300864
155,1.29836065395445
156,0.511967210007496
157,-1.12327869212041
158,-1.73819671546827
159,-2.16336065530777
160,-2.33877048238379
161,-2.75598360085097
162,-4.54844263049423
163,-1.73139344229073
164,-0.558114751745931
165,-2.91106556966657
166,-1.24000000086476
167,-0.186639346136544
168,-0.0219672136466767
169,-0.83811475631216
170,2.79114755890408
171,1.13721311187036
172,1.07090163475177
173,-1.98614754051459
174,-2.13065572925767
175,-1.53286885091516
176,-1.70295082057109
177,-0.0392622959143559
178,-2.03270491769873
179,-1.9614754148194
180,-1.04081967228749
181,-3.48647540710011
182,-0.196393442019576
183,0.677540982050485
184,0.742786881865048
185,1.84893442665944
186,1.10663934174131
187,0.639098359180278
188,0.954918034741136
189,0.152377048751614
190,-1.99852459572378
191,1.98114754039733
192,1.26139344055145
193,1.71959016459887
194,1.02672131052699
195,0.414180326901498
196,1.77319671693029
197,0.198442623217697
198,1.18172130721514
199,-0.144918030952332
200,0.6416393453866
201,-2.91983606483116
202,-2.2949999950704
203,0.709016392923525
204,-0.326721310065907
205,-0.286229507967097
206,1.33696721549161
207,-2.50483607366437
208,-1.84286884499378
209,-1.60270491682115
210,-0.540800001382828
211,-0.15344000159204
212,1.56143999564648
213,0.0880800010114908
214,-0.769600000143051
215,-2.00400000007451
216,0.05447999997437
217,0.354639996945858
218,-0.442080000430346
219,-0.641040001392365
220,0.110640000358224
221,0.684959999069572
222,-0.392640002131462
223,-1.66184001022577
224,-1.09583999842405
225,-0.574800001204014
226,-2.88904000528157
227,1.49800000227988
228,2.33280000162125
229,-0.244719995334744
230,-0.431119999617338
231,-1.35679999937117
232,1.23000000315905
233,-1.34255999648571
234,-2.1380799934268
235,-2.30903999292851
236,-2.8069600020647
237,-0.720799996957183
238,-1.8124000043273
239,-0.260479999631643
240,1.64128000228107
241,1.10191999867558
242,-0.423840000391006
243,-2.71520000471175
244,-1.72807999940217
245,-1.79800000661612
246,-0.0789600000083446
247,0.989440000772476
248,-2.42551999956369
249,-0.673359999775887
250,-0.0610399996489286
251,-1.02375999593735
252,0.901839999526739
253,-0.188960000440478
254,1.57880000187457
255,0.484239997386932
256,1.5706400051713
257,0.314319998323917
258,-1.66719999437034
259,-0.913520001903176
260,-0.226960000768304
261,-1.99352000260353
262,-0.579840000137687
263,0.676160001143813
264,0.961120000004768
265,-0.280320000112057
266,-0.05456000007689
267,0.814640000373125
268,7.0375200086534
269,5.66304001751542
270,1.88840000401437
271,1.72935999466479
272,0.299840000063181
273,3.36095999783278
274,-2.0837599953413
275,-1.56312000197172
276,2.3647199999094
277,2.72991999697685
278,0.321199997678399
279,-0.57520000064373
280,2.63271999430656
281,1.91015999770164
282,1.89815999241173
283,1.99127999979258
284,0.149679999351501
285,0.0384000036716461
286,-0.472879999399185
287,0.886400000289083
288,2.00032000756264
289,1.7805599951148
290,0.836879998072982
291,-3.40984000638127
292,-0.463359999775887
293,-1.0808799957633
294,-2.85703999900818
295,1.58615999752283
296,1.3502400059253
297,-1.63024000303447
298,1.15295999501646
299,1.1703999991715
300,-0.428239998400211
301,1.3977599953115
302,-1.58519999331236
303,-0.408080002009869
304,3.42663999637961
305,1.76456000077724
306,0.913679989442229
307,1.17752000159025
308,-0.837039995670319
309,1.08495999597013
310,2.35880000036955
311,3.01088000619411
312,0.458000000983477
313,-2.01088000237942
314,1.72407999908924
315,-0.279039999008179
316,0.888079995125532
317,1.62247999671102
318,0.110880003064871
319,2.13343999385834
320,-2.45399999634922
321,-1.82991999128461
322,-0.660559998631477
323,0.00639999784529209
324,-1.56367999875546
325,0.103120002180338
326,-2.10384000311792
327,-1.59096000289917
328,-0.55616000045836
329,0.168400000303984
330,1.09728000736237
331,0.85071999758482
332,0.583360002025962
333,-1.19352000170946
334,1.13584000140429
335,0.147359999418259
336,0.668879994466901
337,0.399519998908043
338,1.29999999199808
339,0.44079999756813
340,-1.90064000009
341,-1.09719999918342
342,-1.10127999547124
343,0.284959999635816
344,-2.06096000260115
345,-0.545280002892017
346,0.830240000188351
347,-0.0136799985766411
348,0.0857599993050098
349,0.245040000334382
350,0.246399999842048
351,0.226719999760389
352,0.5700799985677
353,-0.403439999639988
354,0.887119999885559
355,1.03648000253737
356,0.555919998392463
357,0.141600000098348
358,0.131599997803569
359,-1.91080000281334
360,0.453519998162985
361,-2.61616000299156
362,-1.53359999528527
363,-0.936319999158382
364,-1.74743999862671
365,-0.683359997451305
366,-1.64560000526905
367,0.31824000005424
368,-0.506080000713468
369,-1.95375999844074
370,-2.83919999694824
371,1.3447999958396
372,1.31319999831915
373,-0.00895999550819397
374,2.20095999455452
375,-0.125039996087551
376,0.98975999827683
377,0.862480005949736
378,0.326960001304746
379,1.84119999182224
380,-0.235200000658631
381,0.538239999741316
382,-1.68704000136256
383,-0.467199999213219
384,2.05559999895096
385,-2.69567999367416
386,-1.38400000169873
387,0.294159999966621
388,-0.0720000009387732
389,-0.506159998625517
390,0.222559998527169
391,0.200479997977614
392,-2.06071999311447
393,-0.653199999794364
394,0.928960001498461
395,0.827920000761747
396,-0.110560001969337
397,0.664879999995232
398,-0.846160001277924
399,-0.452320002228022
400,-1.54735999251902
401,1.04992000509799
402,0.0183199998289347
403,-2.32383999484777
404,0.567280003681779
405,-0.479519996032119
406,0.107600000724196
407,1.36567999583483
408,2.10032000541687
409,-0.669120001211762
410,0.731200000628829
411,0.413919999957085
412,0.453919998556375
413,1.89367999228835
414,1.30032000121474
415,0.361919999018312
416,-0.0896799986958504
417,0.23967999997735
418,-0.994639992401004
419,-0.678560000687838
420,-0.979759996518493
421,1.70607999518514
422,1.93463999503851
423,-1.2640800063014
424,-0.279359999984503
425,-0.501199999302626
426,-2.61943999814987
427,-1.13376000107825
428,0.183520000591874
429,-0.827520001798868
430,1.16191999691725
431,-2.2152800000906
432,-0.847759996891022
433,3.75976000082493
434,2.5326399948597
435,0.717040001094341
436,2.29431999659538
437,1.73487999486923
438,-0.626960001453757
439,-0.892239993140101
440,-0.304080001071095
441,2.09735999250412
442,-0.35839999756217
443,2.24079999256134
444,0.348960000917315
445,2.24311999750137
446,-0.700879998147488
447,-2.63816000795364
448,-0.205839998051524
449,-0.695360002085566
450,2.17119999861717
451,0.473919999301434
452,-2.52616000542045
453,-1.50343999576569
454,0.533839995920658
455,-3.39856001186371
456,-1.92135999202728
457,-0.740399998754263
458,0.691999999940395
459,3.09440000295639
460,-1.02015999901295
461,-1.8692000001967
462,-0.251359998390079
463,-2.53344000196457
464,0.603519997909665
465,1.53687999844551
466,-0.768640000075102
467,0.50607999920845
468,1.19679999876022
469,-0.175680000513792
470,0.355999998301268
471,-1.61175999557972
472,-0.674880006968975
473,-2.21239999736845
474,-1.03647999814153
475,1.88751999914646
476,-0.184319999799132
477,3.29471999794245
478,0.766480000957847
479,0.106799997761846
480,1.29776000155509
481,-0.125280000448227
482,1.26359999422729
483,-0.367199997514486
484,1.86856000423431
485,-0.258959997817874
486,-0.229679999008775
487,1.14024000144005
488,-1.37760000234842
489,1.12408000269532
490,2.26560000801086
491,-0.191519998162985
492,1.40191999793053
493,-2.06392000317574
494,1.94271999883652
495,3.79351999664307
496,2.1256799890697
497,0.946239999696612
498,0.839279997929931
499,1.9591999938488
500,-0.249919995963573
501,1.06183999989927
502,2.07064000415802
503,1.9770399992466
504,3.23384000492096
505,0.111120003640652
506,-0.374160001337528
507,-0.439119995057583
508,-1.26247999793291
509,1.37279999738932
510,1.85215999603271
511,0.582480000212789
512,-0.619440002709627
513,-2.62120001043379
514,-0.626160003080964
515,-2.31720000126958
516,-3.2780800229907
517,-2.61936000481248
518,-0.336959999263287
519,-0.820720001190901
520,-2.23575999927521
521,0.0795199993997812
522,2.29735999803245
523,4.1384800055027
524,-0.595280001744628
525,-0.291519997522235
526,-4.58432002329826
527,-0.77279999960959
528,-0.134159999623895
529,0.421999998152256
530,2.04303999900818
531,-0.0915199984610081
532,0.686719997793436
533,-0.88872000259161
534,0.206399998262525
535,-1.83583999824524
536,-2.32704000508785
537,1.07040000136197
538,0.62080000038445
539,-1.41911999797821
540,-0.0527999982833862
541,0.970639999747276
542,-2.62440001258254
543,-3.09024000954628
544,1.29167999628186
545,0.249199999079108
546,3.71080002307892
547,3.71624001407623
548,2.08519999861717
549,2.96272000455856
550,2.00639999699593
551,2.27871999073029
552,1.69639999993145
553,-0.0593599998503923
554,-3.64200001430511
555,2.14887999391556
556,1.66320000110567
557,2.36191999673843
558,0.296960003018379
559,0.882079999148846
560,-0.279279999211431
561,-1.65159999981523
562,0.627599996834993
563,-4.57303999328613
564,-1.89432000255585
565,-2.69632000803947
566,0.475679997414351
567,1.94272000312805
568,-1.95848000074923
569,-3.73936000728607
570,-0.948400001570582
571,2.55535999846458
572,1.2704800042212
573,1.4660000025034
574,3.39704000353813
575,5.12431999778748
576,1.54223999483883
577,0.87216000020504
578,-1.99248000581563
579,-1.09471999490261
580,-1.28464000344276
581,2.68303999614716
582,1.59695999830961
583,0.67144000467658
584,-2.11263999915123
585,-0.0511200000494719
586,-0.0229599989652634
587,2.12288001161814
588,-2.66639999961853
589,3.95631998348236
590,-2.3028000061512
591,-4.58295997238159
592,2.02367999839783
593,2.03272000169754
594,1.56655999612808
595,2.28736000299454
596,0.0513600015044212
597,-1.17664000026882
598,-0.274080002695322
599,-1.91680000817776
600,0.959520005941391
601,1.30383999475837
602,0.968239998087287
603,-1.94839999818802
604,-0.797440002277493
605,0.455200002804399
606,-0.795040000915527
607,0.047040000423789
608,2.2020000038147
609,0.840560001134872
610,-0.914160001173616
611,-5.28239999389648
612,-0.985519999742508
613,-0.909680003076792
614,-1.23023999798298
615,-2.44015999163687
616,-1.44431999969482
617,-0.489759997919202
618,-0.111599999889731
619,-1.66183999681473
620,-3.43488000965118
621,1.76320000126958
622,3.50024000059068
623,0.884639997452497
624,-0.524960001826286
625,-1.42008000190556
626,-1.8984000005722
627,0.0105600023716688
628,3.47464000320435
629,1.22199999722838
630,-3.06439999198914
631,-1.18015999734402
632,0.0808000003695488
633,-1.13408000275493
634,-1.73488000635803
635,0.327039996922016
636,7.96951999664307
637,3.48256000232697
638,0.0583200001567602
639,-1.05655999447405
640,-2.20888000392914
641,1.98983999085426
642,-1.51624000111222
643,-1.79111999173462
644,-0.552159995287657
645,-4.8523200044632
646,-3.54080000293255
647,-1.93584000396729
648,-1.57943999433517
649,1.26328000479937
650,0.561200003147125
651,-1.55759999887645
652,0.0771200008839369
653,-0.0470399959236383
654,0.0404000014215708
655,1.29919999679923
656,2.32351999102533
657,-0.754800007969141
658,-1.2512000002861
659,-0.559359998941422
660,-3.47432000160217
661,-2.37088000291586
662,0.475840003624558
663,-1.98120000082254
664,-2.87464000871778
665,1.36048000015318
666,1.56431999111176
667,2.57504000781476
668,0.581599997922778
669,-1.34703999948502
670,0.567520000740886
671,0.25264000017941
672,2.06671999612451
673,4.35343999958038
674,1.37848000258207
675,0.230240001648664
676,1.24432000023127
677,-3.3854400100708
678,-3.06928001213074
679,1.92503999710083
680,-0.136000000864267
681,-1.31759999753535
682,1.35136000393331
683,1.14399999986589
684,2.83792000286281
685,1.11471999520063
686,-3.20200000190735
687,-1.64464000844955
688,3.0715999879837
689,5.26072001600266
690,0.158719996765256
691,2.00423999476433
692,0.22928000125289
693,1.94560000085831
694,-0.434400001108646
695,1.69567999178171
696,0.789680001139641
697,0.863760002851486
698,-0.554959999486804
699,-1.03823999369144
700,-0.589600000634789
701,-1.57336001062393
702,-0.595279999196529
703,-0.593199999555945
704,-3.58184000205994
705,-1.20279999871552
706,-3.0235199842453
707,-3.60248000144958
708,1.02728000253439
709,-2.48872000598907
710,1.13343999713659
711,-0.0622399960458279
712,-2.21896000415087
713,0.258000002399087
714,0.91839999769628
715,0.529360001131892
716,-0.955279997199774
717,-1.40351999536157
718,-0.790559998571873
719,0.637039996802807
720,0.873519994318485
721,0.511520001396537
722,-0.970959995940328
723,-0.720879998326302
724,-2.72735999679565
725,1.26008000463247
726,1.12311999678612
727,0.692079999983311
728,2.78592000007629
729,0.162559998944402
730,2.68496000377834
731,3.64231999588013
732,0.826000000834465
733,1.16320000052452
734,-1.03584000438452
735,-1.57391999769211
736,-0.506880001157522
737,0.70319999948144
738,-5.84559999275208
739,-3.29311999702454
740,1.52496000814438
741,0.268799999400973
742,-1.29144000139832
743,1.24120000356436
744,-0.455280001014471
745,-1.04576000118256
746,1.75727999925613
747,0.174639997512102
748,-2.48687999749184
749,-0.689680000796914
750,-2.12831999540329
751,-4.77560000419617
752,-0.802239999875426
753,0.0797599992007017
754,-0.573359999611974
755,-0.640399998188019
756,-1.04727999924123
757,-1.80088000239432
758,0.183120002359152
759,2.06591999864578
760,0.233680003553629
761,0.0195999955832958
762,-0.17736000148952
763,-0.628719997286797
764,-0.378640000551939
765,1.93768000152707
766,3.73744001483917
767,-1.02024000138044
768,2.74968000125885
769,1.34239999341965
770,-1.54679999959469
771,-2.2256799955368
772,2.17864000487328
773,0.591600001499057
774,-2.73783998298645
775,-1.13232000038028
776,1.19975999569893
777,1.29759999799728
778,-0.803439997434616
779,-2.56391999530792
780,3.08056001281738
781,0.765600001052022
782,-2.6527200024128
783,0.526480000570416
784,4.47344000053406
785,4.24032000732422
786,0.344559999197721
787,2.13407998982072
788,1.7612800026983
789,1.49408000183105
790,0.0692800039052963
791,-1.41839999523759
792,-0.710399997010827
793,0.759359999328852
794,0.491039998218417
795,-1.03200000020862
796,-0.220639999866486
797,-2.67279999828339
798,0.687360002487898
799,-0.0884800001084804
800,2.42840001000464
801,2.58151999950409
802,3.53176000022888
803,4.46480000686646
804,2.53255998706818
805,0.34768000009656
806,-1.32263999584317
807,-2.01319999217987
808,-0.89783999478817
809,-6.53863998603821
810,1.32487999552488
811,0.794240001037717
812,0.870560000106692
813,1.44895999406278
814,0.102000007420778
815,-0.764719996541739
816,-0.874159997716546
817,-3.35607999420166
818,-2.94336000061035
819,-4.60912000465393
820,2.95744001829624
821,5.1024799861908
822,3.42304000663757
823,-3.57744000184536
824,-2.91904000902176
825,-2.57024000358582
826,1.65703998988867
827,0.649680000528693
828,1.49263999414444
829,-3.2563200044632
830,-3.81759999084473
831,1.68495999717712
832,1.61959999990463
833,0.897919997215271
834,0.44719999936223
835,-1.62591999545693
836,-0.369279998987913
837,-1.02016000421345
838,-0.115999999478459
839,-1.19207998919487
840,-2.78576000404358
841,-1.57504000069201
842,0.388640001147985
843,2.99088000011444
844,-0.0773599990457296
845,-0.150639998376369
846,-1.28423999929428
847,-3.91056000423431
848,-0.815039997205138
849,-0.985359999701381
850,1.01207999752462
851,-0.115920001909137
852,1.73663999998569
853,1.05800000181794
854,2.81944000339508
855,0.830720001414418
856,1.26119999492168
857,-1.6551199901253
858,2.61935999965668
859,0.334879997760057
860,-1.1277599978745
861,-0.503679999902844
862,-0.0337599964886904
863,-1.19975999963284
864,-0.75959999859333
865,-0.716800000444055
866,-0.440799999222159
867,-2.19784000241756
868,-1.70391999818385
869,1.77383999800682
870,-0.598480002164841
871,0.527520000070334
872,-0.666479999825358
873,0.0277599998861551
874,-1.98039999866486
875,-1.32232000041008
876,1.74799999976158
877,-0.175119998902082
878,-2.37263999342918
879,-0.0189599969238043
880,-0.878719999372959
881,0.254479996874928
882,-1.60847999954224
883,-2.67944000148773
884,-3.94344000434875
885,-0.281519998878241
886,0.119200002878904
887,0.590800000801682
888,1.384
889,-1.21816000199318
890,0.844480000942946
891,-0.987440000638366
892,-2.50463999390602
893,0.854079997867346
894,0.33087999895215
895,-0.580319997996092
896,2.56927999687195
897,1.67503999423981
898,1.51135999763012
899,4.63135998439789
900,-0.310640002071857
901,-2.21759999799728
902,-0.122880000770092
903,-2.12224000257254
904,0.125279996752739
905,2.76535999584198
906,-2.4235199971199
907,-3.97000000476837
908,2.14512000837922
909,2.98544000768661
910,0.646319998249412
911,3.47936000347137
912,1.23616000068188
913,-0.590320000320673
914,-0.118399999260902
915,0.598640001446009
916,0.221279996857047
917,2.50735999965668
918,1.97448000788689
919,1.04703999911249
920,-2.55392000722885
921,-0.624000003144145
922,-1.98440000104904
923,-1.01855999684334
924,-4.26000001335144
925,0.267599999815226
926,2.55928000354767
927,0.101440000385046
928,2.17216000032425
929,2.08079999417067
930,-2.84608001232147
931,0.655279998987913
932,0.777679996341467
933,-0.25095999853313
934,-1.12216000187397
935,-0.676799999311566
936,0.628080003157258
937,0.0433599984645844
938,1.15023999619484
939,-1.14592000627518
940,-0.142159998878837
941,0.841439997941256
942,-0.0166399981081486
943,-0.898239997774363
944,-1.66311999210715
945,0.638559998646378
946,2.47304000115395
947,0.245999999269843
948,-0.030320000693202
949,1.33248000267148
950,-0.139120000645518
951,-2.33104000854492
952,-0.503760000735521
953,-0.58495999750495
954,-3.32711999940872
955,-2.18288000607491
956,0.98631999951601
957,-1.92848001003265
958,-1.88975999203324
959,1.60231999874115
960,3.42264001250267
961,-0.265919999316335
962,0.960640002310276
963,1.26160000026226
964,0.891440001487732
965,0.913920003920794
966,1.75904000478983
967,1.12575999158621
968,0.0231999999433756
969,-1.49551999536157
970,1.32039999586344
971,0.265760000914335
972,-2.7898399912715
973,3.98639997577667
974,2.39751999330521
975,-2.38103998756409
976,-2.01767999505997
977,0.693280001148581
978,-0.846239997208118
979,-1.84423999404907
980,-4.93296000289917
981,-5.306
982,0.114640000194311
983,-0.449199999004602
984,-1.7889600045681
985,1.96215999603271
986,2.06887999854982
987,2.85824000644684
988,4.03807999706268
989,5.96375998687744
990,0.53695999866724
991,-2.46128000952303
992,-2.73608000469208
993,-3.17264001083374
994,0.661039998218417
995,-0.194079999521375
996,1.83535999679565
997,0.164079999759793
998,-1.13239999729395
999,-1.30367999696732
1000,1.88847999715805
1001,-0.961040000140667
1002,-1.65991999840736
1003,-2.12375999069214
1004,-0.44199999819696
1005,-4.95535998916626
1006,-0.637440001115203
1007,2.46136000347137
1008,1.42575999617577
1009,-0.960479998037219
1010,-1.51223999977112
1011,-0.679359998583794
1012,-1.6621599997133
1013,-2.60711999225616
1014,-2.94879999256134
1015,0.121600001186132
1016,0.998719997823238
1017,1.67655998468399
1018,-0.812239997163415
1019,-2.14647999000549
1020,1.0089600020498
1021,0.875920003160834
1022,-0.574879998654127
1023,-0.329519998297095
1024,3.79456000518799
1025,1.64144000244141
1026,0.181920000612736
1027,-0.422080001279712
1028,-0.445200000882149
1029,-0.086400000706315
1030,-0.188000001385808
1031,-0.593200002923608
1032,-1.1475199944973
1033,-0.324400001585484
1034,1.18295999628305
1035,-2.43927999639511
1036,-2.46744000077248
1037,-0.763199999392033
1038,-1.98408000564575
1039,-1.89223998600245
1040,-1.33119999837875
1041,-2.35103999328613
1042,1.16447999930382
1043,-0.871999998763204
1044,-1.17519999270141
1045,0.884720001995564
1046,-1.81928000450134
1047,0.846879997268319
1048,-1.79071999251842
1049,-0.648160002797842
1050,1.33431999345124
1051,0.884880000278354
1052,2.63183999872208
1053,1.15591999790072
1054,2.64328000354767
1055,-1.04495999726653
1056,0.327039998978376
1057,0.46631999732554
1058,0.521600002989173
1059,-0.358880000263453
1060,1.18863999682665
1061,1.74423999777436
1062,0.045519999653101
1063,1.48152000175416
1064,3.28544000244141
1065,4.8424000043869
1066,0.565520002365112
1067,-3.77295999526978
1068,-3.98488001441956
1069,-0.463519998237491
1070,0.626320001229644
1071,-0.741199995845556
1072,0.624079997912049
1073,0.233119999572635
1074,-0.252000000372529
1075,-0.27392000003159
1076,1.11768000087142
1077,1.47384000277519
1078,0.746879995375872
1079,3.62776000785828
1080,3.54016001415253
1081,-0.485360001832247
1082,2.57952000594139
1083,0.562719995319843
1084,1.21304000544548
1085,-1.27791999690235
1086,-0.787999994963408
1087,3.16448000383377
1088,3.28063998603821
1089,1.28648000335693
1090,-4.23768000030518
1091,-2.9163200044632
1092,-0.90191999489069
1093,-0.900959997281432
1094,-0.0755999965369701
1095,0.435999998420477
1096,0.501760000094771
1097,-0.934319997772574
1098,-2.99120000362396
1099,-2.10792000159621
1100,0.0983200000375509
1101,-0.621920000135899
1102,1.53775999832153
1103,1.09304000273347
1104,-0.468479999318719
1105,0.387199995622039
1106,0.592960000157356
1107,-0.158080000042915
1108,-1.03143999576569
1109,0.116719998434186
1110,2.19655999851227
1111,0.41927999971807
1112,1.91943999385834
1113,1.31479999527335
1114,0.523599997803569
1115,0.923439999774098
1116,3.89472000694275
1117,3.64199999332428
1118,1.89639999723434
1119,0.595120002657175
1120,1.2407199973762
1121,-0.933520001649857
1122,1.2711199965477
1123,-0.400080000475049
1124,0.582879995465279
1125,0.859679997086525
1126,-3.05936000347137
1127,-0.978319999918342
1128,1.8647199934721
1129,2.95616000540555
1130,-1.16680000141263
1131,-2.30312000417709
1132,-1.75152001094818
1133,-1.95944000101089
1134,-1.64767999482155
1135,-1.93351999568939
1136,-0.119600000649691
1137,0.315360001221299
1138,-1.50431999874115
1139,0.195439999505877
1140,-2.14279999685287
1141,1.06055999994278
1142,0.81287999895215
1143,0.592480002224445
1144,0.502880002275109
1145,1.1652800038904
1146,-2.37840000724792
1147,-2.73911999130249
1148,-3.89463999176025
1149,-2.12551999902725
1150,-5.5318399848938
1151,-3.48880000686645
1152,0.983039999783039
1153,-0.9528800034374
1154,-2.26631999731064
1155,6.40749931335449e-10
1156,-2.8287200012207
1157,-2.01655999994278
1158,-3.1859999961853
1159,0.798959999784827
1160,2.34911999607086
1161,-2.26959999418259
1162,1.28847999377549
1163,3.1468800073266
1164,0.833680000573397
1165,0.69255999982357
1166,-3.06960000801086
1167,-0.328479999274015
1168,-0.999999998956919
1169,-1.44296000099182
1170,-0.154959998086095
1171,1.76480000090599
1172,0.0139199998825788
1173,1.20447999951243
1174,-1.44655999517441
1175,-1.63519999843836
1176,-1.73672000741959
1177,-2.08272000074387
1178,0.806879999935627
1179,0.282400000110269
1180,2.4560800075531
1181,2.64248001003265
1182,-0.759999998942018
1183,-0.521279998749495
1184,3.49319999885559
1185,-0.00552000151574612
1186,-2.36880000448227
1187,0.0960000015050173
1188,1.28943999791145
1189,0.0418399997055531
1190,1.57799999713898
1191,0.0793600028008223
1192,0.750879999727011
1193,0.246159999191761
1194,-0.610319995567203
1195,1.93688000106812
1196,1.15375999933481
1197,3.78240000152588
1198,-0.455999997645617
1199,-0.824640000209212
1200,0.873679999917746
1201,1.88696000017226
1202,0.862800000846386
1203,2.3119199924469
1204,1.8415199945271
1205,0.903360001474619
1206,0.30784000146389
1207,-0.514560001522303
1208,-0.443360000908375
1209,3.33280001831055
1210,1.31295999604464
1211,2.90543999671936
1212,0.953040002271533
1213,0.588159996271133
1214,-0.664880003780127
1215,-0.551520003154874
1216,-1.4034399959892
1217,-4.04176001739502
1218,-2.60135999965668
1219,1.94567999529839
1220,0.837679998472333
1221,0.101840000987053
1222,2.16455999851227
1223,0.429039997756481
1224,0.539680000454187
1225,-0.992959999501705
1226,1.77448000240326
1227,-2.60255999955535
1228,2.07808000183105
1229,0.939119994729757
1230,-0.331759996563196
1231,1.23359999680519
1232,0.369759999811649
1233,-2.59815999126434
1234,-3.56727999591827
1235,-0.15248000228405
1236,-2.32168000793457
1237,-0.804400000333786
1238,2.76151999473572
1239,1.96407999038696
1240,-1.31319999696314
1241,2.36256000137329
1242,2.02407999610901
1243,0.569439998701215
1244,0.247519999682903
1245,-0.474160001084208
1246,-1.15775999243557
1247,-1.18311999428272
1248,1.61184000176191
1249,1.93520000082254
1250,-0.597360000833869
1251,-4.28719999885559
1252,-1.90567999410629
1253,-0.116160002961755
1254,-3.3484000043869
1255,-0.371920000448823
1256,0.382720001518726
1257,0.815359996989369
1258,-4.97688000679016
1259,1.41983999994397
1260,1.77487999677658
1261,0.249039999976754
1262,-0.332159997925162
1263,-1.94192000341415
1264,-1.81591999197006
1265,0.308160000085831
1266,0.349440001904964
1267,1.56055999304354
1268,2.23655999946594
1269,2.48455999398232
1270,-1.73152000761032
1271,0.783200001612306
1272,1.16776000247896
1273,-2.60568000030518
1274,-3.53216000270843
1275,1.71855999450386
1276,-2.40551999855042
1277,-1.78520000219345
1278,-2.80064000034332
1279,-1.96815999794006
1280,-2.17008000040054
1281,-1.71584000062942
1282,0.138879998415709
1283,-1.98295999526978
1284,-0.220319999203086
1285,-2.18247999382019
1286,-1.46183999538422
1287,-0.70047999766469
1288,-2.30200000762939
1289,-0.910240000247955
1290,2.60376000213623
1291,0.00832000003755093
1292,-1.65999999666214
1293,-0.335919999554753
1294,-0.339920000702143
1295,-2.28600000882149
1296,-0.609600000441074
1297,-0.906959999084473
1298,3.16320000839233
1299,0.984400006368756
1300,0.480959998205304
1301,1.63072000208497
1302,2.49999999308586
1303,2.03519999486208
1304,0.48088000395894
1305,2.91608000540733
1306,0.315359998866916
1307,-2.89712000083923
1308,0.409760000512004
1309,3.06680001783371
1310,3.76664000511169
1311,1.70704000043869
1312,2.4193600025177
1313,4.59839999961853
1314,3.51304000091553
1315,0.314319999307394
1316,-3.82711998653412
1317,-1.85768000650406
1318,0.493920001327991
1319,1.02151999597251
1320,2.07023999834061
1321,2.53752000331879
1322,0.760559995904565
1323,-1.05335999727249
1324,-1.09455999708176
1325,2.66319999909401
1326,3.64311999511719
1327,1.13167999958992
1328,-0.0199200001657009
1329,0.0245600003749132
1330,3.75336001205444
1331,4.08152000141144
1332,3.99200001478195
1333,5.97528001594543
1334,2.08111999893188
1335,-0.956239995777607
1336,-1.1685599950105
1337,2.16672000896931
1338,-1.3252800013572
1339,0.610639999121428
1340,-0.730639999747276
1341,0.374560000121593
1342,0.459200001984835
1343,0.776960006967187
1344,0.662399998322129
1345,-0.0140000012218952
1346,0.590879999890924
1347,-0.869440003275871
1348,-1.33735999941826
1349,-0.462960001528263
1350,-2.45503999614716
1351,-0.61591999951005
1352,-0.505440002799034
1353,2.18800000357628
1354,1.79567999891937
1355,-1.52240000486374
1356,1.45880000059307
1357,2.86424000358582
1358,2.76896001315117
1359,2.10256000089645
1360,-3.05871999549866
1361,-2.72351999521256
1362,-2.36128000068665
1363,-1.57703999376297
1364,-1.1068799970746
1365,0.374960000798106
1366,1.50656000328064
1367,0.0890400007814169
1368,2.20864000219107
1369,-0.610559999719262
1370,2.03664000558853
1371,1.06032000434399
1372,2.12967999792099
1373,1.00975999867916
1374,1.72544000023603
1375,-1.84040000295639
1376,-2.53616000556946
1377,-0.200960000053048
1378,1.28568000340462
1379,-0.223199998781085
1380,1.72431999833882
1381,-0.404400003746152
1382,-0.666000009745359
1383,2.09128000032902
1384,1.22744000196457
1385,1.29295999574661
1386,1.89392000579834
1387,0.96751999989152
1388,-0.473280001878738
1389,-2.59487999916077
1390,-2.50167999982834
1391,-1.16304000355303
1392,-0.147519998252392
1393,-0.27327999868989
1394,2.05400000572205
1395,1.48191999864578
1396,0.827920000016689
1397,-1.97024000930786
1398,-1.71751998806
1399,-4.527359998703
1400,-1.98839999294281
1401,-0.818880002439022
1402,-1.28480000169575
1403,-1.2003199968338
1404,2.12887999582291
1405,0.618399997025728
1406,2.03775999832153
1407,-0.792799998641014
1408,0.747519997879863
1409,3.01535999488831
1410,-0.126080000519752
1411,-0.220560001119971
1412,1.41031999656558
1413,-1.98544001102448
1414,2.91359999656677
1415,-0.890319997906685
1416,-2.17519999694824
1417,0.126639997258782
1418,1.45191999661922
1419,-0.054399998486042
1420,1.94831999826431
1421,-0.888480003848672
1422,-0.150879995331168
1423,-1.89712000435591
1424,0.288640002921224
1425,0.263120001852512
1426,1.61976000244915
1427,1.75343999433517
1428,2.12736000037193
1429,0.049920001655817
1430,1.39312000393867
1431,1.90871999835968
1432,0.249520000949502
1433,0.181440001755953
1434,0.461680000990629
1435,-0.568240001454949
1436,-0.0333599987328052
1437,-1.63831999969482
1438,-2.24920000600815
1439,-1.77151999664307
1440,1.26279999732971
1441,2.24191999983788
1442,-1.96671999359131
1443,-0.03615999956429
1444,-1.88351999735832
1445,-2.34631999635696
1446,-1.57727999830246
1447,0.732159998178482
1448,-0.799520000249147
1449,-1.51463999974728
1450,-1.9893600025177
1451,1.56944000554085
1452,0.872960000991821
1453,0.77855999737978
1454,-0.498319999486208
1455,-3.02016000056267
1456,-1.78191999673843
1457,-0.67679999768734
1458,0.711359999865294
1459,-1.26680000138283
1460,-3.5964000082016
1461,-2.28903998374939
1462,2.06088000240922
1463,1.68560000672936
1464,-1.50920000067353
1465,-1.78096000730991
1466,0.695679995521903
1467,2.40912000474334
1468,0.812480002865195
1469,-0.0729600016921759
1470,-0.242560000091791
1471,-3.30896000003815
1472,-1.74664000344276
1473,-0.401839999809861
1474,-1.76536000108719
1475,-3.16752000331879
1476,0.629600000113249
1477,1.84608000326157
1478,1.69768000900745
1479,-1.09055999743938
1480,-1.1022400007993
1481,-0.527440001681447
1482,1.57288000106812
1483,0.0375199996680021
1484,5.45848000144959
1485,3.20375999236107
1486,3.45319999313354
1487,0.239679995402694
1488,0.286319999963045
1489,0.810240003526211
1490,2.00952000045776
1491,4.19072000312805
1492,1.25960000425577
1493,-0.0244000000357628
1494,1.48791999840736
1495,-3.4387200050354
1496,-3.23304000091553
1497,-0.992319999948144
1498,3.10632000875473
1499,-0.195199999913573
1500,-3.9159199962616
1501,-1.79944000053406
1502,-0.164319997906685
1503,-0.218879999086261
1504,0.973999997287989
1505,-1.45423999962211
1506,-4.23344001197815
1507,-0.100560000389814
1508,0.859359997004271
1509,2.30375999489427
1510,-1.34392000165582
1511,0.900400004655123
1512,0.956319999352098
1513,0.683359996661544
1514,2.56847999954224
1515,-0.0701599999666214
1516,-1.02647999668121
1517,-0.943680004194379
1518,-0.835439998179674
1519,1.45663999772072
1520,0.440959998548031
1521,3.33223999595642
1522,-2.84904000282288
1523,0.6414399985075
1524,1.04680000396073
1525,1.25528000570834
1526,2.28016000366211
1527,0.977920000076294
1528,-1.43103999710083
1529,-0.0542399978339672
1530,0.30224000005424
1531,-1.14735999691486
1532,-4.15583999919891
1533,-2.16775999736786
1534,-0.539359998524189
1535,0.918800000429153
1536,3.26688000106812
1537,2.4510399980545
1538,-1.52480000090599
1539,1.04775999701023
1540,2.08112000656128
1541,1.04543999946117
1542,-4.04607999038696
1543,-1.38336000263691
1544,-1.48991999864578
1545,-2.21967999458313
1546,0.275760001346469
1547,-0.86016000315547
1548,-0.0244800014197826
1549,3.10328000736237
1550,1.86959999930859
1551,-0.111200001180172
1552,-0.131040001988411
1553,2.78976000833511
1554,1.2778399977386
1555,2.40455999946594
1556,2.98928001022339
1557,2.81647998809814
1558,-1.45144000190496
1559,-0.532639999032021
1560,0.768319999337196
1561,-0.0840800004005432
1562,-0.328560000211
1563,-0.342880001276732
1564,2.86928000640869
1565,3.47752001571655
1566,0.71703999991715
1567,-1.24679999676347
1568,0.0111999970376492
1569,1.2357600030154
1570,0.942719997256994
1571,0.653680000767112
1572,0.980160001397133
1573,-1.97343999874592
1574,-1.79007999941707
1575,-0.456959999904037
1576,-1.47560000610352
1577,1.4402399982363
1578,1.20911999672651
1579,-2.27992000579834
1580,-3.35903999328613
1581,-1.66503999495506
1582,-0.540959997534752
1583,-1.90352000051737
1584,-4.46184002113342
1585,-3.88160000228882
1586,-0.35199999974668
1587,-0.324399997398257
1588,1.48655999177694
1589,1.65095999598503
1590,-2.70263999581337
1591,-1.90663999414444
1592,-2.14720000076294
1593,-1.06103999954462
1594,2.72184000718594
1595,1.76575999413431
1596,2.55008000564575
1597,0.071760000616312
1598,-2.35207999801636
1599,1.22447999662161
1600,-2.86119999885559
1601,-1.38415999630094
1602,0.734159998595715
1603,1.95143999290466
1604,2.83624000644684
1605,2.44791999959946
1606,1.32463999223709
1607,-1.3249600019455
1608,1.02896000039577
1609,1.56743999356031
1610,2.64752000427246
1611,1.66199999797344
1612,0.250640000790358
1613,0.53352000297606
1614,0.777359998196363
1615,3.09655999755859
1616,1.56119999191165
1617,3.07888000392914
1618,3.73935999298096
1619,2.13671999311447
1620,0.854000001251698
1621,3.75864000034332
1622,-0.680560000866652
1623,-1.96120000424981
1624,-1.80928000107408
1625,-1.20247999861836
1626,-2.2185599861145
1627,-0.104159998103976
1628,-0.321759999111295
1629,0.236640003338456
1630,0.309760000944138
1631,-2.19087999629974
1632,-3.50744000673294
1633,1.74952000576258
1634,0.643679999276996
1635,1.11359999638796
1636,0.3676799993366
1637,-1.42087999325991
1638,-1.66967999839783
1639,0.514719998806715
1640,2.53671999812126
1641,1.15679999709129
1642,1.66168000125885
1643,1.06255999672413
1644,1.55335999524593
1645,-2.47720000267029
1646,-0.78352000015974
1647,1.48471999526024
1648,-1.88864000153542
1649,0.54416000379622
1650,0.499119999408722
1651,2.88327998876572
1652,-0.0692800003886223
1653,-1.34375999891758
1654,-4.39767999267578
1655,1.02487999871373
1656,1.13512000340223
1657,0.113999999418855
1658,-0.968159999892116
1659,-0.539679999798536
1660,1.04831999631226
1661,1.48359999528527
1662,0.591279998987913
1663,-0.448560001730919
1664,-1.78975999450684
1665,-1.00535999673605
1666,-1.52511999797821
1667,-2.46344000244141
1668,-3.27823999500275
1669,-0.824239998042583
1670,-2.10240000104904
1671,-0.865679995074868
1672,0.844879999086261
1673,2.05991999673843
1674,2.51424000644684
1675,-0.514959997490048
1676,0.251439996808767
1677,0.889279999613762
1678,2.62007999897003
1679,-0.302640000894666
1680,3.54928000450134
1681,1.23359999887645
1682,-0.136239999637008
1683,2.97056000232697
1684,-1.00319999872148
1685,-4.89248000526428
1686,-2.82392000389099
1687,0.926880004525185
1688,1.69648000383377
1689,2.38520000484586
1690,0.122239998295903
1691,0.654240001559258
1692,2.91919999504089
1693,1.9884000005722
1694,0.234400000944734
1695,-0.0108000001758337
1696,-1.23760000106692
1697,0.306319999739528
1698,0.229440000489354
1699,1.91231998991966
1700,-0.697199996680021
1701,2.59672000694275
1702,1.66512000751495
1703,-1.61544000101089
1704,-1.97680000400543
1705,0.802880000829697
1706,0.623279996559024
1707,-1.85240000092983
1708,-2.34984000587463
1709,-1.4567999997139
1710,1.53784000448883
1711,0.450959998890758
1712,0.625599999830127
1713,-0.0407999990731478
1714,-1.04920000307262
1715,-0.470399998664856
1716,-0.620239999458194
1717,-1.58640000700951
1718,1.57744000642002
1719,2.36952000665665
1720,5.73959999465942
1721,0.763039996057749
1722,-1.74904000222683
1723,0.358480000883341
1724,-0.157040000632405
1725,2.0555199971199
1726,5.1259199962616
1727,2.17520000267029
1728,-0.955599998652935
1729,-4.25567999744415
1730,-1.45647999882698
1731,-0.233839999169111
1732,0.482720000892878
1733,-0.265040003955364
1734,2.39943999385834
1735,-3.70376002407074
1736,-1.81272000026703
1737,-1.43231999793649
1738,0.632480001911521
1739,-0.265360000133514
1740,-1.2928800008297
1741,-0.0547999997437
1742,-1.38584000444412
1743,1.38975999462605
1744,-0.482319998607039
1745,0.714800000220537
1746,3.68311999225616
1747,4.09944001722336
1748,-2.8906400167048
1749,1.75567999982834
1750,-0.491199996039271
1751,-0.119759999886155
1752,-1.86256000508368
1753,-0.379279998421669
1754,0.570319999173284
1755,-0.727599997892976
1756,-2.38960000562668
1757,-1.87840000152588
1758,0.156079996496439
1759,0.00968000137805939
1760,0.408079999759793
1761,1.94032000821829
1762,1.50711999541521
1763,-1.53608000518382
1764,1.65800000190735
1765,-1.16800000107288
1766,2.28400000286102
1767,0.771360002443194
1768,1.93143999958038
1769,1.06447999799252
1770,0.465919999435544
1771,2.91800000667572
1772,-0.115279998034239
1773,-3.0021600073576
1774,-1.38903999267519
1775,-0.022639998242259
1776,-0.128480000630021
1777,-1.51096000027657
1778,-1.84072000393271
1779,-0.888960000574589
1780,-2.11159999831021
1781,-1.39247999954224
1782,-2.39928000736237
1783,0.434079995542765
1784,3.09112000907958
1785,0.0819999989569187
1786,-1.34623999810219
1787,2.2930399980545
1788,-1.16943999373913
1789,-2.54216000652313
1790,1.15592000618577
1791,2.72520000839233
1792,3.45799999809265
1793,3.00655999231338
1794,0.403759999021888
1795,-0.738
1796,0.168400002256036
1797,1.07167999981344
1798,-2.13448000335693
1799,1.36279999756813
1800,0.224880000263453
1801,-1.43631999802589
1802,1.0651999976635
1803,0.376960001558065
1804,-0.369760000303388
1805,-2.05928001308441
1806,-2.19752000045776
1807,0.15135999982059
1808,-0.755920000270009
1809,-1.39375999975204
1810,0.023599998742342
1811,1.94135999584198
1812,0.797120001077652
1813,-1.58431999409199
1814,-0.383039999231696
1815,1.2797600004077
1816,3.54800001659989
1817,1.27480000087619
1818,-2.41576000165939
1819,-1.34935999573767
1820,-2.09608000029624
1821,1.15416000078619
1822,-1.83183999674022
1823,-1.47184000001848
1824,-2.8945599937439
1825,0.252320000514388
1826,1.39983999490738
1827,0.601439999863505
1828,4.04536001396179
1829,-0.413360002100468
1830,0.386479999855161
1831,0.607439998209476
1832,2.24487999725342
1833,2.20904000663757
1834,-0.535759998977184
1835,1.57551999694109
1836,0.749359997913241
1837,2.60807999610901
1838,3.78447999191284
1839,4.24447999954224
1840,2.6334400011301
1841,0.924399999976158
1842,-2.73271999931335
1843,0.914319999888539
1844,1.61432000090182
1845,-2.69264001131058
1846,-2.02224000000954
1847,-3.86128000545502
1848,-1.1635999982357
1849,3.46208000278473
1850,2.0931999938786
1851,-2.71159999990463
1852,0.409039998054504
1853,2.41967999172211
1854,1.44655999469757
1855,-0.726399996414781
1856,-0.689920000895858
1857,-1.16984000170231
1858,1.2529600019455
1859,-0.690159998625517
1860,-0.0716799982637167
1861,-3.38264000415802
1862,1.50623999738693
1863,-1.13807999841869
1864,-1.77744000291824
1865,-0.392399999648333
1866,3.42328000259399
1867,3.3693600063324
1868,3.25279999923706
1869,2.81567999744415
1870,-0.412239999085665
1871,-3.11951999664307
1872,-0.429440001532435
1873,-1.03255999781191
1874,-0.904319998338819
1875,-0.569839999392629
1876,-0.775199997872114
1877,-0.065999999538064
1878,0.287279998868704
1879,-2.41848000240326
1880,-2.6302399969101
1881,-1.90639999866486
1882,-1.40048000261188
1883,-1.37816000127792
1884,1.38423999929428
1885,2.62096001005173
1886,0.0751200003027916
1887,-1.36544000095129
1888,-0.0176799982637167
1889,-0.305199999272823
1890,0.140079995393753
1891,1.33535999512672
1892,0.62199999961257
1893,-2.35648000526428
1894,-1.72319999215007
1895,0.901679999992251
1896,-2.596640001297
1897,0.94512000182271
1898,1.4680799986273
1899,-2.54615999770164
1900,-1.79111999249458
1901,-1.00583999919891
1902,-3.76904000282288
1903,0.552559998556972
1904,-1.36535999892652
1905,1.16912000201643
1906,2.26519999742508
1907,4.80424001312256
1908,1.94399999785423
1909,1.7195200047493
1910,0.745200001582503
1911,1.95584000764787
1912,2.61671999740601
1913,1.00511999586225
1914,3.9474400062561
1915,2.86231998920441
1916,2.49160000371933
1917,2.06479999828339
1918,0.448719997897744
1919,0.181360002189875
1920,2.10848000143468
1921,2.91271999168396
1922,0.307279999405146
1923,0.104560000091791
1924,0.539039998114109
1925,-1.0759999999404
1926,1.44496000337601
1927,1.29439999723434
1928,1.55320000708103
1929,0.55976000186801
1930,0.501039997443557
1931,-0.820480000346899
1932,1.20151999716461
1933,-0.395199998393655
1934,-3.29808001518249
1935,-0.364319999888539
1936,-1.81223999643326
1937,1.38232000255585
1938,1.86592000818253
1939,-1.06799999761581
1940,-1.26871999573708
1941,3.47319999313354
1942,3.01184001064301
1943,0.378240001484752
1944,0.878720001921058
1945,0.754239997267723
1946,-1.8512800014466
1947,1.42104000461102
1948,0.880399997472763
1949,2.98888000202179
1950,-0.726479997724295
1951,-1.98344001029432
1952,1.31247999835014
1953,-1.13792000076175
1954,-2.70616000175476
1955,-1.69056000423431
1956,-2.92871999454498
1957,0.976080005198717
1958,0.966640002191067
1959,-2.68280000305176
1960,-0.536959999874234
1961,-1.49167999708652
1962,0.738160001024604
1963,-1.59559999835491
1964,-1.68031999544799
1965,2.47424000549316
1966,0.160319995641708
1967,0.0394400026500225
1968,0.259839998483658
1969,2.2457600030899
1970,0.761039999961853
1971,-0.841920003667474
1972,-0.584800001829863
1973,2.27544000387192
1974,-0.816240001142025
1975,2.27592000007629
1976,0.155840000763535
1977,-3.71296000862122
1978,0.29847999958694
1979,1.40896000093222
1980,1.67176000668108
1981,-0.942800001993775
1982,0.310320002317429
1983,2.82368000888824
1984,2.25063999259472
1985,1.36640000152588
1986,1.0279199975729
1987,0.906239996761084
1988,-0.337760000616312
1989,-2.40352000284195
1990,-3.01096000111103
1991,-1.23680000591278
1992,-0.37823999813199
1993,1.28807999554276
1994,-1.70871999803185
1995,2.19671999627352
1996,-1.47512000112236
1997,1.16280000275373
1998,1.02000000047684
1999,1.47472000168264
2000,-2.2379999961853
2001,-1.6248000023216
2002,-4.87727998352051
2003,-3.13352000033855
2004,-2.54384000146389
2005,0.985759993731976
2006,-1.97631999492645
2007,-1.59887999683619
2008,-0.355679997935891
2009,-0.596720001667738
2010,0.366879996046424
2011,1.1458399989754
2012,-2.94151999044418
2013,-2.80591999641061
2014,-1.23647999988496
2015,0.849919997617602
2016,-0.372479998216033
2017,-0.552639997363091
